Rank,Food Name,Serving,vitamin-b12-v2 amount,Percent DV,Source
1,"Egg, whole, dried, stabilized, glucose reduced",100 grams,10.5mcg,(438% DV),Standard Release
2,Meat extender,100 grams,6mcg,(250% DV),Standard Release
3,"Egg, duck, whole, fresh, raw",100 grams,5.4mcg,(225% DV),Standard Release
4,"Chicken, meatless, breaded, fried",100 grams,5.1mcg,(213% DV),Standard Release
5,"Egg, yolk, dried",100 grams,5.1mcg,(213% DV),Standard Release
6,"Egg, goose, whole, fresh, raw",100 grams,5.1mcg,(213% DV),Standard Release
7,Vegetarian fillets,100 grams,4.2mcg,(175% DV),Standard Release
8,"Protein supplement, milk based, Muscle Milk Light, powder",100 grams,4.2mcg,(175% DV),Standard Release
9,"Milk, dry, nonfat, regular, without added vitamin A and vitamin D",100 grams,4mcg,(168% DV),Standard Release
10,"Milk, dry, nonfat, regular, with added vitamin A and vitamin D",100 grams,4mcg,(168% DV),Standard Release
11,"Luncheon slices, meatless",100 grams,4mcg,(167% DV),Standard Release
12,"Milk, dry, nonfat, instant, with added vitamin A and vitamin D",100 grams,4mcg,(166% DV),Standard Release
13,"Milk, dry, nonfat, instant, without added vitamin A and vitamin D",100 grams,4mcg,(166% DV),Standard Release
14,"Milk, dry, nonfat, calcium reduced",100 grams,4mcg,(166% DV),Standard Release
15,"Milk, buttermilk, dried",100 grams,3.8mcg,(159% DV),Standard Release
16,"Egg substitute, powder",100 grams,3.5mcg,(147% DV),Standard Release
17,"Milk, dry, whole, without added vitamin D",100 grams,3.3mcg,(135% DV),Standard Release
18,"Beverage, instant breakfast powder, chocolate, sugar-free, not reconstituted",100 grams,3.1mcg,(129% DV),Standard Release
19,"Sandwich spread, meatless",100 grams,3.1mcg,(129% DV),Standard Release
20,"Protein supplement, milk based, Muscle Milk, powder",100 grams,3mcg,(125% DV),Standard Release
21,"Fruit juice smoothie, NAKED JUICE, BLUE MACHINE",100 grams,2.5mcg,(104% DV),Standard Release
22,Vegetarian meatloaf or patties,100 grams,2.4mcg,(100% DV),Standard Release
23,"Vitasoy USA, Nasoya Lite Firm Tofu",100 grams,2.4mcg,(98% DV),Standard Release
24,"Frankfurter, meatless",100 grams,2.4mcg,(98% DV),Standard Release
25,"Cheese food, pasteurized process, swiss",100 grams,2.3mcg,(96% DV),Standard Release
26,"Cheese, parmesan, dry grated, reduced fat",100 grams,2.3mcg,(94% DV),Standard Release
27,"Seaweed, Canadian Cultivated EMI-TSUNOMATA, dry",100 grams,2.3mcg,(94% DV),Standard Release
28,"Chicken, meatless",100 grams,2.2mcg,(91% DV),Standard Release
29,"Egg, yolk, raw, frozen, pasteurized",100 grams,1.9mcg,(79% DV),Standard Release
30,"Beverage, instant breakfast powder, chocolate, not reconstituted",100 grams,1.7mcg,(71% DV),Standard Release
31,"Cheese, dry white, queso seco",100 grams,1.7mcg,(71% DV),Standard Release
32,"Egg, turkey, whole, fresh, raw",100 grams,1.7mcg,(70% DV),Standard Release
33,"Cheese, swiss, low sodium",100 grams,1.7mcg,(70% DV),Standard Release
34,"Cheese, swiss, low fat",100 grams,1.7mcg,(70% DV),Standard Release
35,"Cheese, Mexican, blend, reduced fat",100 grams,1.7mcg,(69% DV),Standard Release
36,"Egg, yolk, raw, frozen, sugared, pasteurized",100 grams,1.6mcg,(68% DV),Standard Release
37,"Egg, yolk, raw, frozen, salted, pasteurized",100 grams,1.6mcg,(67% DV),Standard Release
38,"Egg, quail, whole, fresh, raw",100 grams,1.6mcg,(66% DV),Standard Release
39,"Cheese product, pasteurized process, American, vitamin D fortified",100 grams,1.5mcg,(63% DV),Standard Release
40,"Cheese, pasteurized process, American, without added vitamin D",100 grams,1.5mcg,(63% DV),Standard Release
41,"Meatballs, meatless",100 grams,1.5mcg,(63% DV),Standard Release
42,Reddi Wip Fat Free Whipped Topping,100 grams,1.5mcg,(62% DV),Standard Release
43,"Cheese, muenster, low fat",100 grams,1.5mcg,(61% DV),Standard Release
44,"Vitasoy USA Organic Nasoya, Tofu Plus Firm",100 grams,1.4mcg,(60% DV),Standard Release
45,Cheese Cheddar Reduced Fat,100 grams,1.4mcg,(59% DV),Standard Release
46,"Cheese, mexican, queso anejo",100 grams,1.4mcg,(58% DV),Standard Release
47,"Cheese, mozzarella, low moisture, part-skim, shredded",100 grams,1.3mcg,(55% DV),Standard Release
48,"Cheese food, pasteurized process, American, without added vitamin D",100 grams,1.3mcg,(55% DV),Standard Release
49,"Egg, whole, raw, frozen, salted, pasteurized",100 grams,1.2mcg,(50% DV),Standard Release
50,"Bacon bits, meatless",100 grams,1.2mcg,(50% DV),Standard Release
51,"Cheese spread, American or Cheddar cheese base, reduced fat",100 grams,1.2mcg,(49% DV),Standard Release
52,"Cheese product, pasteurized process, American, reduced fat, fortified with vitamin D",100 grams,1.1mcg,(46% DV),Standard Release
53,"Parmesan cheese topping, fat free",100 grams,1.1mcg,(46% DV),Standard Release
54,"Soymilk (All flavors), enhanced",100 grams,1.1mcg,(45% DV),Standard Release
55,Egg Whole Raw Frozen Pasteurized,100 grams,1mcg,(42% DV),Standard Release
56,"Cheese, mexican, queso asadero",100 grams,1mcg,(42% DV),Standard Release
57,"Soymilk, original and vanilla, light, with added calcium, vitamins A and D",100 grams,1mcg,(42% DV),Standard Release
58,"Soymilk, chocolate and other flavors, light, with added calcium, vitamins A and D",100 grams,1mcg,(42% DV),Standard Release
59,"Vegetable juice, BOLTHOUSE FARMS, DAILY GREENS",100 grams,1mcg,(40% DV),Standard Release
60,"Cheese, mozzarella, low sodium",100 grams,0.9mcg,(38% DV),Standard Release
61,"Cheese, cream, low fat",100 grams,0.9mcg,(38% DV),Standard Release
62,"Fruit juice smoothie, BOLTHOUSE FARMS, BERRY BOOST",100 grams,0.9mcg,(38% DV),Standard Release
63,"Soymilk, original and vanilla, with added calcium, vitamins A and D",100 grams,0.9mcg,(35% DV),Standard Release
64,"Imitation cheese, american or cheddar, low cholesterol",100 grams,0.8mcg,(35% DV),Standard Release
65,"Cheese, monterey, low fat",100 grams,0.8mcg,(35% DV),Standard Release
66,"Cheese substitute, mozzarella",100 grams,0.8mcg,(34% DV),Standard Release
67,"Cheese, pasteurized process, American, low fat",100 grams,0.8mcg,(32% DV),Standard Release
68,"Milk, sheep, fluid",100 grams,0.7mcg,(30% DV),Standard Release
69,"Cheese, pasteurized process, cheddar or American, low sodium",100 grams,0.7mcg,(29% DV),Standard Release
70,"Yogurt, Greek, nonfat, vanilla, CHOBANI",100 grams,0.7mcg,(29% DV),Standard Release
71,"Soymilk, chocolate, unfortified",100 grams,0.7mcg,(29% DV),Standard Release
72,"Nutritional supplement for people with diabetes, liquid",100 grams,0.7mcg,(28% DV),Standard Release
73,"Yogurt, Greek, nonfat, vanilla, DANNON OIKOS",100 grams,0.7mcg,(28% DV),Standard Release
74,"Yogurt, Greek, vanilla, lowfat",100 grams,0.6mcg,(27% DV),Standard Release
75,"Cheese, cottage, lowfat, 1% milkfat, lactose reduced",100 grams,0.6mcg,(26% DV),Standard Release
76,"Fruit juice smoothie, NAKED JUICE, GREEN MACHINE",100 grams,0.6mcg,(26% DV),Standard Release
77,"Cheese, cottage, lowfat, 1% milkfat, no sodium added",100 grams,0.6mcg,(26% DV),Standard Release
78,Non Fat Strawberry Yogurt,100 grams,0.6mcg,(25% DV),Standard Release
79,"Yogurt, Greek, strawberry, DANNON OIKOS",100 grams,0.6mcg,(23% DV),Standard Release
80,"Fruit juice smoothie, BOLTHOUSE FARMS, GREEN GOODNESS",100 grams,0.6mcg,(23% DV),Standard Release
81,Yogurt Vanilla Low Fat 11 Grams Protein Per 8 Ounce,100 grams,0.5mcg,(22% DV),Standard Release
82,"Milk, reduced fat, fluid, 2% milkfat, without added vitamin A and vitamin D",100 grams,0.5mcg,(22% DV),Standard Release
83,"Yogurt, vanilla, low fat, fortified with vitamin D",100 grams,0.5mcg,(22% DV),Standard Release
84,"Egg, white, dried, powder, stabilized, glucose reduced",100 grams,0.5mcg,(22% DV),Standard Release
85,"Yogurt, vanilla flavor, lowfat milk, sweetened with low calorie sweetener",100 grams,0.5mcg,(22% DV),Standard Release
86,"Milk shakes, thick vanilla",100 grams,0.5mcg,(22% DV),Standard Release
87,Yogurt Fruit Low Fat 11 Grams Protein Per 8 Ounce,100 grams,0.5mcg,(22% DV),Standard Release
88,"Cream, half and half, fat free",100 grams,0.5mcg,(22% DV),Standard Release
89,"Yogurt, fruit, lowfat, with low calorie sweetener, fortified with vitamin D",100 grams,0.5mcg,(22% DV),Standard Release
90,"Yogurt, fruit, lowfat, with low calorie sweetener",100 grams,0.5mcg,(22% DV),Standard Release
91,"Fat free ice cream, no sugar added, flavors other than chocolate",100 grams,0.5mcg,(22% DV),Standard Release
92,"Yogurt, Greek, fruit, whole milk",100 grams,0.5mcg,(21% DV),Standard Release
93,"Yogurt, chocolate, nonfat milk",100 grams,0.5mcg,(21% DV),Standard Release
94,"Milk, nonfat, fluid, without added vitamin A and vitamin D (fat free or skim)",100 grams,0.5mcg,(21% DV),Standard Release
95,"Cheese, cottage, lowfat, 1% milkfat, with vegetables",100 grams,0.5mcg,(20% DV),Standard Release
96,"Ice cream bar, covered with chocolate and nuts",100 grams,0.5mcg,(20% DV),Standard Release
97,"Cheese, cottage, with vegetables",100 grams,0.5mcg,(20% DV),Standard Release
98,"Egg, white, dried, flakes, stabilized, glucose reduced",100 grams,0.5mcg,(20% DV),Standard Release
99,"Yogurt, frozen, flavors not chocolate, nonfat milk, with low-calorie sweetener",100 grams,0.5mcg,(20% DV),Standard Release
100,"Ice cream, bar or stick, chocolate covered",100 grams,0.5mcg,(20% DV),Standard Release
101,"Yogurt, fruit variety, nonfat",100 grams,0.5mcg,(20% DV),Standard Release
102,"Yogurt, fruit, low fat, 10 grams protein per 8 ounce",100 grams,0.5mcg,(20% DV),Standard Release
103,"Milk, fluid, 1% fat, without added vitamin A and vitamin D",100 grams,0.5mcg,(20% DV),Standard Release
104,"Yogurt, fruit variety, nonfat, fortified with vitamin D",100 grams,0.5mcg,(20% DV),Standard Release
105,Eggnog,100 grams,0.5mcg,(19% DV),Standard Release
106,"Milk, whole, 3.25% milkfat, without added vitamin A and vitamin D",100 grams,0.5mcg,(19% DV),Standard Release
107,"Milk, reduced fat, fluid, 2% milkfat, protein fortified, with added vitamin A and vitamin D",100 grams,0.4mcg,(18% DV),Standard Release
108,Yogurt Fruit Low Fat 9 Grams Protein Per 8 Ounce,100 grams,0.4mcg,(18% DV),Standard Release
109,"Milk, lowfat, fluid, 1% milkfat, protein fortified, with added vitamin A and vitamin D",100 grams,0.4mcg,(18% DV),Standard Release
110,"Milk, nonfat, fluid, protein fortified, with added vitamin A and vitamin D (fat free and skim)",100 grams,0.4mcg,(18% DV),Standard Release
111,"Yogurt, vanilla or lemon flavor, nonfat milk, sweetened with low-calorie sweetener, fortified with vitamin D",100 grams,0.4mcg,(18% DV),Standard Release
112,"Yogurt, vanilla or lemon flavor, nonfat milk, sweetened with low-calorie sweetener",100 grams,0.4mcg,(18% DV),Standard Release
113,"Yogurt, fruit, low fat, 9 grams protein per 8 ounce, fortified with vitamin D",100 grams,0.4mcg,(18% DV),Standard Release
114,"Sour cream, light",100 grams,0.4mcg,(18% DV),Standard Release
115,"Cheese, american cheddar, imitation",100 grams,0.4mcg,(17% DV),Standard Release
116,Spinach souffle,100 grams,0.4mcg,(17% DV),Standard Release
117,"Noodles, egg, spinach, enriched, dry",100 grams,0.4mcg,(17% DV),Standard Release
118,"Cheese spread, cream cheese base",100 grams,0.4mcg,(17% DV),Standard Release
119,"Vitasoy USA, Vitasoy Organic Creamy Original Soymilk",100 grams,0.4mcg,(16% DV),Standard Release
120,"Milk, nonfat, fluid, with added nonfat milk solids, vitamin A and vitamin D (fat free or skim)",100 grams,0.4mcg,(16% DV),Standard Release
121,"Milk, reduced fat, fluid, 2% milkfat, with added nonfat milk solids, without added vitamin A",100 grams,0.4mcg,(16% DV),Standard Release
122,"Milk, fluid, nonfat, calcium fortified (fat free or skim)",100 grams,0.4mcg,(16% DV),Standard Release
123,"Milk, reduced fat, fluid, 2% milkfat, with added nonfat milk solids and vitamin A and vitamin D",100 grams,0.4mcg,(16% DV),Standard Release
124,"Milk, lowfat, fluid, 1% milkfat, with added nonfat milk solids, vitamin A and vitamin D",100 grams,0.4mcg,(16% DV),Standard Release
125,"Milk, buttermilk, fluid, cultured, reduced fat",100 grams,0.4mcg,(15% DV),Standard Release
126,"Vitasoy USA, Vitasoy Light Vanilla Soymilk",100 grams,0.4mcg,(15% DV),Standard Release
127,"Milk, low sodium, fluid",100 grams,0.4mcg,(15% DV),Standard Release
128,"Milk, indian buffalo, fluid",100 grams,0.4mcg,(15% DV),Standard Release
129,"Light ice cream, Creamsicle",100 grams,0.4mcg,(15% DV),Standard Release
130,"Ice cream cone, chocolate covered, with nuts, flavors other than chocolate",100 grams,0.4mcg,(15% DV),Standard Release
131,Ice cream sundae cone,100 grams,0.4mcg,(15% DV),Standard Release
132,"Cheese sauce, prepared from recipe",100 grams,0.4mcg,(15% DV),Standard Release
133,"Milk, filled, fluid, with blend of hydrogenated vegetable oils",100 grams,0.3mcg,(14% DV),Standard Release
134,"Milk, filled, fluid, with lauric acid oil",100 grams,0.3mcg,(14% DV),Standard Release
135,"Beans, baked, canned, with franks",100 grams,0.3mcg,(14% DV),Standard Release
136,"Egg substitute, liquid or frozen, fat free",100 grams,0.3mcg,(14% DV),Standard Release
137,"Milk, chocolate, fluid, commercial, whole, with added vitamin A and vitamin D",100 grams,0.3mcg,(14% DV),Standard Release
138,"Sour dressing, non-butterfat, cultured, filled cream-type",100 grams,0.3mcg,(14% DV),Standard Release
139,"Milk, chocolate, fluid, commercial, reduced fat, with added calcium",100 grams,0.3mcg,(14% DV),Standard Release
140,"Milk shakes, thick chocolate",100 grams,0.3mcg,(13% DV),Standard Release
141,"Corn pudding, home prepared",100 grams,0.3mcg,(13% DV),Standard Release
142,"Pasta, fresh-refrigerated, spinach, as purchased",100 grams,0.3mcg,(13% DV),Standard Release
143,"Pasta, fresh-refrigerated, plain, as purchased",100 grams,0.3mcg,(13% DV),Standard Release
144,"Kefir, lowfat, strawberry, LIFEWAY",100 grams,0.3mcg,(13% DV),Standard Release
145,Dulce de Leche,100 grams,0.3mcg,(13% DV),Standard Release
146,Potato pancakes,100 grams,0.3mcg,(12% DV),Standard Release
147,"Noodles, egg, dry, unenriched",100 grams,0.3mcg,(12% DV),Standard Release
148,"Noodles, egg, dry, enriched",100 grams,0.3mcg,(12% DV),Standard Release
149,"Kefir, lowfat, plain, LIFEWAY",100 grams,0.3mcg,(12% DV),Standard Release
150,"Seaweed, Canadian Cultivated EMI-TSUNOMATA, rehydrated",100 grams,0.3mcg,(11% DV),Standard Release
151,"Dessert topping, powdered, 1.5 ounce prepared with 1/2 cup milk",100 grams,0.3mcg,(11% DV),Standard Release
152,"Ice cream, light, soft serve, chocolate",100 grams,0.3mcg,(11% DV),Standard Release
153,"Soymilk, original and vanilla, light, unsweetened, with added calcium, vitamins A and D",100 grams,0.2mcg,(10% DV),Standard Release
154,"Soymilk, chocolate, nonfat, with added calcium, vitamins A and D",100 grams,0.2mcg,(10% DV),Standard Release
155,"Soymilk (all flavors), nonfat, with added calcium, vitamins A and D",100 grams,0.2mcg,(10% DV),Standard Release
156,"Milk, chocolate, lowfat, with added vitamin A and vitamin D",100 grams,0.2mcg,(10% DV),Standard Release
157,Mashed Potatoes,100 grams,0.2mcg,(9% DV),Standard Release
158,"Cheese, goat, semisoft type",100 grams,0.2mcg,(9% DV),Standard Release
159,"Whipped topping, frozen, low fat",100 grams,0.2mcg,(8% DV),Standard Release
160,"Milk, chocolate, lowfat, reduced sugar",100 grams,0.2mcg,(8% DV),Standard Release
161,"Cream, half and half, lowfat",100 grams,0.2mcg,(8% DV),Standard Release
162,"Whey, acid, fluid",100 grams,0.2mcg,(8% DV),Standard Release
163,"Egg, white, dried",100 grams,0.2mcg,(8% DV),Standard Release
164,"Eggs, scrambled, frozen mixture",100 grams,0.2mcg,(7% DV),Standard Release
165,"Milk, evaporated, 2% fat, with added vitamin A and vitamin D",100 grams,0.2mcg,(7% DV),Standard Release
166,"Milk, canned, evaporated, with added vitamin D and without added vitamin A",100 grams,0.2mcg,(7% DV),Standard Release
167,"Milk, canned, evaporated, with added vitamin A",100 grams,0.2mcg,(7% DV),Standard Release
168,"Tempeh, cooked",100 grams,0.1mcg,(6% DV),Standard Release
169,"Pasta, fresh-refrigerated, plain, cooked",100 grams,0.1mcg,(6% DV),Standard Release
170,"Pasta, fresh-refrigerated, spinach, cooked",100 grams,0.1mcg,(6% DV),Standard Release
171,"Milk dessert bar, frozen, made from lowfat milk",100 grams,0.1mcg,(6% DV),Standard Release
172,"Potatoes, mashed, dehydrated, prepared from flakes without milk, whole milk and butter added",100 grams,0.1mcg,(5% DV),Standard Release
173,"Pasta, homemade, made with egg, cooked",100 grams,0.1mcg,(4% DV),Standard Release
174,"Potatoes, mashed, dehydrated, prepared from granules with milk, water and margarine added",100 grams,0.1mcg,(4% DV),Standard Release
175,"Ice cream bar, stick or nugget, with crunch coating",100 grams,0.1mcg,(4% DV),Standard Release
176,"Noodles, egg, cooked, unenriched, with added salt",100 grams,0.1mcg,(4% DV),Standard Release
177,"Noodles, egg, cooked, enriched, with added salt",100 grams,0.1mcg,(4% DV),Standard Release
178,"Noodles, egg, unenriched, cooked, without added salt",100 grams,0.1mcg,(4% DV),Standard Release
179,Tempeh,100 grams,0.1mcg,(3% DV),Standard Release
180,Miso,100 grams,0.1mcg,(3% DV),Standard Release
181,"Kiwifruit, ZESPRI SunGold, raw",100 grams,0.1mcg,(3% DV),Standard Release
182,"Potatoes, mashed, home-prepared, whole milk added",100 grams,0.1mcg,(3% DV),Standard Release
183,Homemade Mashed Potatoes With Milk And Butter,100 grams,0.1mcg,(3% DV),Standard Release
184,"Potatoes, mashed, home-prepared, whole milk and margarine added",100 grams,0.1mcg,(3% DV),Standard Release
185,"Ice cream, lowfat, no sugar added, cone, added peanuts and chocolate sauce",100 grams,0.1mcg,(3% DV),Standard Release
186,Ice cream sandwich,100 grams,0.1mcg,(2% DV),Standard Release
187,"Yogurt, frozen, flavors other than chocolate, lowfat",100 grams,0.1mcg,(2% DV),Standard Release
188,"Egg, white, raw, frozen, pasteurized",100 grams,0mcg,(1% DV),Standard Release
189,"Ice cream sandwich, made with light ice cream, vanilla",100 grams,0mcg,(1% DV),Standard Release
190,"Ice cream sandwich, vanilla, light, no sugar added",100 grams,0mcg,(1% DV),Standard Release
191,"Beans, liquid from stewed kidney beans",100 grams,0mcg,(1% DV),Standard Release
192,"Beans, chili, barbecue, ranch style, cooked",100 grams,0mcg,(0% DV),Standard Release
193,"Sweet potato, cooked, candied, home-prepared",100 grams,0mcg,(0% DV),Standard Release
194,"Beans, kidney, royal red, mature seeds, cooked, boiled with salt",100 grams,0mcg,(0% DV),Standard Release
195,"Chickpeas (garbanzo beans, bengal gram), mature seeds, canned, solids and liquids, low sodium",100 grams,0mcg,(0% DV),Standard Release
196,"Vegetables, mixed, frozen, unprepared",100 grams,0mcg,(0% DV),Standard Release
197,"Turnip greens and turnips, frozen, unprepared",100 grams,0mcg,(0% DV),Standard Release
198,"Mustard spinach, (tendergreen), cooked, boiled, drained, with salt",100 grams,0mcg,(0% DV),Standard Release
199,"Beans, kidney, red, mature seeds, canned, solids and liquid, low sodium",100 grams,0mcg,(0% DV),Standard Release
200,"Cowpeas, catjang, mature seeds, cooked, boiled, with salt",100 grams,0mcg,(0% DV),Standard Release
