Rank,Food Name,Serving,iron amount,Percent DV,Source
1,"thyme",100 grams,123.6mg,(687% DV),Standard Release
2,"Seaweed",100 grams,66.4mg,(369% DV),Standard Release
3,"Beef spleen",100 grams,44.6mg,(248% DV),Standard Release
4,"Lamb spleen",100 grams,41.9mg,(233% DV),Standard Release
7,"Duck liver",100 grams,30.5mg,(170% DV),Standard Release
8,"Goose liver",100 grams,30.5mg,(170% DV),Standard Release
9,"Pork liver",100 grams,23.3mg,(129% DV),Standard Release
10,"Pork, spleen",100 grams,22.3mg,(124% DV),Standard Release
12,Dried Agar Seaweed,100 grams,21.4mg,(119% DV),Standard Release
13,"sesame butter",100 grams,19.2mg,(107% DV),Standard Release
14,"Pork lungs",100 grams,18.9mg,(105% DV),Standard Release
16,"Peanut butter",100 grams,17.5mg,(97% DV),Standard Release
19,"Soybeans",100 grams,15.7mg,(87% DV),Standard Release
20,"sesame flour",100 grams,15.2mg,(84% DV),Standard Release
21,"Lamb kidney",100 grams,14.7mg,(82% DV),Standard Release
22,"sesame meal",100 grams,14.6mg,(81% DV),Standard Release
23,"sesame seeds",100 grams,14.6mg,(81% DV),Standard Release
24,"Soy protein isolate",100 grams,14.5mg,(81% DV),Standard Release
25,"sesame flour",100 grams,14.3mg,(79% DV),Standard Release
27,"clam",100 grams,13.9mg,(77% DV),Standard Release
28,"Soy meal",100 grams,13.7mg,(76% DV),Standard Release
29,"Winged beans",100 grams,13.4mg,(75% DV),Standard Release
30,"cottonseed meal",100 grams,13.4mg,(74% DV),Standard Release
31,"Chicken liver",100 grams,12.9mg,(72% DV),Standard Release
33,"cottonseed flour",100 grams,12.7mg,(70% DV),Standard Release
36,"Protein powder",100 grams,12mg,(67% DV),Standard Release
37,Meat extender,100 grams,12mg,(67% DV),Standard Release
38,"caviar",100 grams,11.9mg,(66% DV),Standard Release
40,"Mothbeans",100 grams,10.9mg,(60% DV),Standard Release
41,"Liver cheese, pork",100 grams,10.8mg,(60% DV),Standard Release
44,"bear",100 grams,10.7mg,(60% DV),Standard Release
45,"Wheat bran, crude",100 grams,10.6mg,(59% DV),Standard Release
46,"Braunschweiger Liver Sausage",100 grams,10.5mg,(58% DV),Standard Release
47,"white beans",100 grams,10.4mg,(58% DV),Standard Release
48,"red peppers",100 grams,10.4mg,(58% DV),Standard Release
49,"Chicken broilers",100 grams,10.3mg,(57% DV),Standard Release
50,"beaver",100 grams,10mg,(56% DV),Standard Release
51,"Cowpeas",100 grams,10mg,(55% DV),Standard Release
52,"Tofu",100 grams,9.7mg,(54% DV),Standard Release
54,"Italian Sausage, turkey",100 grams,9.6mg,(53% DV),Standard Release
55,"Sausage, turkey",100 grams,9.6mg,(53% DV),Standard Release
56,"Egg yolk",100 grams,9.6mg,(53% DV),Standard Release
57,"kidney beans",100 grams,9.4mg,(52% DV),Standard Release
58,"Veal spleen",100 grams,9.3mg,(52% DV),Standard Release
59,"Soy flour",100 grams,9.2mg,(51% DV),Standard Release
61,"Chicken heart",100 grams,9mg,(50% DV),Standard Release
63,"Turkey liver",100 grams,8.9mg,(50% DV),Standard Release
64,Liverwurst spread,100 grams,8.9mg,(49% DV),Standard Release
65,"black beans",100 grams,8.7mg,(48% DV),Standard Release
67,"Yardlong beans",100 grams,8.6mg,(48% DV),Standard Release
68,Natto,100 grams,8.6mg,(48% DV),Standard Release
70,"corn flour",100 grams,8.5mg,(47% DV),Standard Release
72,"Beef liver",100 grams,8.4mg,(47% DV),Standard Release
73,"whole Egg",100 grams,8.3mg,(46% DV),Standard Release
75,"Cowpeas, common (blackeyes, crowder, southern), mature seeds",100 grams,8.3mg,(46% DV),Standard Release
77,"Soy flour, low-fat",100 grams,8.2mg,(46% DV),Standard Release
78,"Seaweed, Canadian Cultivated EMI-TSUNOMATA, rehydrated",100 grams,8.1mg,(45% DV),Standard Release
79,"Beef, lungs",100 grams,8mg,(44% DV),Standard Release
80,Papad,100 grams,7.8mg,(43% DV),Standard Release
81,"Seeds, sesame seed kernels, toasted, with salt added (decorticated)",100 grams,7.8mg,(43% DV),Standard Release
82,"Seeds, sesame seed kernels, toasted, without salt added (decorticated)",100 grams,7.8mg,(43% DV),Standard Release
83,"Beans, small white, mature seeds",100 grams,7.7mg,(43% DV),Standard Release
84,"Teff, uncooked",100 grams,7.6mg,(42% DV),Standard Release
85,"Amaranth grain, uncooked",100 grams,7.6mg,(42% DV),Standard Release
86,"Leeks, (bulb and lower-leaf portion), freeze-dried",100 grams,7.6mg,(42% DV),Standard Release
87,"Mungo beans, mature seeds",100 grams,7.6mg,(42% DV),Standard Release
88,"Lima beans, large, mature seeds",100 grams,7.5mg,(42% DV),Standard Release
89,"Lentils, pink or red",100 grams,7.4mg,(41% DV),Standard Release
90,"Lamb liver",100 grams,7.4mg,(41% DV),Standard Release
92,"Wheat flour",100 grams,7.3mg,(41% DV),Standard Release
93,"watermelon seed kernels",100 grams,7.3mg,(40% DV),Standard Release
94,"Emu, inside drums",100 grams,7.3mg,(40% DV),Standard Release
95,"taco seasoning mix",100 grams,7.2mg,(40% DV),Standard Release
97,"raccoon",100 grams,7.1mg,(39% DV),Standard Release
98,"muskrat",100 grams,7.1mg,(39% DV),Standard Release
101,"Potatoes",100 grams,7mg,(39% DV),Standard Release
103,"yellow beans",100 grams,7mg,(39% DV),Standard Release
104,"Turkey heart",100 grams,7mg,(39% DV),Standard Release
105,"oyster",100 grams,7mg,(39% DV),Standard Release
106,"beaver",100 grams,6.9mg,(38% DV),Standard Release
107,"Emu, full rump",100 grams,6.9mg,(38% DV),Standard Release
108,"Beef heart",100 grams,6.8mg,(38% DV),Standard Release
109,"sunflower seed kernels",100 grams,6.8mg,(38% DV),Standard Release
110,"squirrel",100 grams,6.8mg,(38% DV),Standard Release
113,"pink beans",100 grams,6.8mg,(38% DV),Standard Release
114,"Mung beans",100 grams,6.7mg,(37% DV),Standard Release
115,"Radishes",100 grams,6.7mg,(37% DV),Standard Release
116,"Broadbeans (fava beans)",100 grams,6.7mg,(37% DV),Standard Release
119,"sunflower seed flour",100 grams,6.6mg,(37% DV),Standard Release
122,"Lentils",100 grams,6.5mg,(36% DV),Standard Release
123,"Chicken giblets",100 grams,6.4mg,(36% DV),Standard Release
124,"Noodles, chinese, chow mein",100 grams,6.4mg,(36% DV),Standard Release
125,"Lamb, lungs",100 grams,6.4mg,(36% DV),Standard Release
126,"Liver sausage, liverwurst, pork",100 grams,6.4mg,(36% DV),Standard Release
127,Blood sausage,100 grams,6.4mg,(36% DV),Standard Release
128,"Veal, liver",100 grams,6.4mg,(36% DV),Standard Release
133,"tahini",100 grams,6.4mg,(35% DV),Standard Release
134,"white Rice",100 grams,6.3mg,(35% DV),Standard Release
135,"Wheat germ, crude",100 grams,6.3mg,(35% DV),Standard Release
137,"Lima beans",100 grams,6.2mg,(34% DV),Standard Release
138,"caribou",100 grams,6.2mg,(34% DV),Standard Release
139,"Pepeao",100 grams,6.1mg,(34% DV),Standard Release
143,"cashew nuts",100 grams,6.1mg,(34% DV),Standard Release
144,"cuttlefish",100 grams,6mg,(33% DV),Standard Release
146,"Shallots",100 grams,6mg,(33% DV),Standard Release
152,"Turkey",100 grams,5.9mg,(33% DV),Standard Release
153,Canada Goose Breast Meat Skinless Raw,100 grams,5.9mg,(33% DV),Standard Release
154,"Dove, cooked (includes squab)",100 grams,5.9mg,(33% DV),Standard Release
157,"Pork heart",100 grams,5.8mg,(32% DV),Standard Release
159,"Beef kidneys",100 grams,5.8mg,(32% DV),Standard Release
160,"Cornmeal",100 grams,5.8mg,(32% DV),Standard Release
164,"Soybean",100 grams,5.6mg,(31% DV),Standard Release
165,"Lamb heart",100 grams,5.5mg,(31% DV),Standard Release
166,"Pate de foie gras, canned (goose liver pate), smoked",100 grams,5.5mg,(31% DV),Standard Release
167,"Emu, oyster",100 grams,5.5mg,(31% DV),Standard Release
168,"goose liver",100 grams,5.5mg,(31% DV),Standard Release
170,"navy beans",100 grams,5.5mg,(31% DV),Standard Release
171,Great Northern Beans,100 grams,5.5mg,(30% DV),Standard Release
172,"cottonseed kernels",100 grams,5.4mg,(30% DV),Standard Release
176,"Wheat",100 grams,5.4mg,(30% DV),Standard Release
177,"Beef steak",100 grams,5.3mg,(30% DV),Standard Release
178,"octopus",100 grams,5.3mg,(29% DV),Standard Release
179,"Pork kidneys",100 grams,5.3mg,(29% DV),Standard Release
180,"Pigeon peas",100 grams,5.2mg,(29% DV),Standard Release
181,"Emu, inside drum",100 grams,5.2mg,(29% DV),Standard Release
182,"Veal, lungs",100 grams,5.2mg,(29% DV),Standard Release
185,"mixed nuts",100 grams,5.2mg,(29% DV),Standard Release
188,"Hyacinth beans",100 grams,5.1mg,(28% DV),Standard Release
190,"Emu, top loin",100 grams,5.1mg,(28% DV),Standard Release
191,pinto beans,100 grams,5.1mg,(28% DV),Standard Release
200,"horse",100 grams,5mg,(28% DV),Standard Release
