Rank,Food Name,Serving,folate-b9 amount,Percent DV,Source
1,"Duckliver",100 grams,738mcg,(185% DV),Standard Release
2,"Goose liver",100 grams,738mcg,(185% DV),Standard Release
4,"Turkey liver",100 grams,677mcg,(169% DV),Standard Release
5,"Yardlong beans",100 grams,658mcg,(165% DV),Standard Release
6,"Mothbeans",100 grams,649mcg,(162% DV),Standard Release
7,"Cowpeas",100 grams,639mcg,(160% DV),Standard Release
9,"Mung beans",100 grams,625mcg,(156% DV),Standard Release
10,"adzuki beans",100 grams,622mcg,(156% DV),Standard Release
11,"cranberry beans",100 grams,604mcg,(151% DV),Standard Release
12,"Chicken liver",100 grams,588mcg,(147% DV),Standard Release
13,Dried Agar Seaweed,100 grams,580mcg,(145% DV),Standard Release
16,"Chickpeas",100 grams,557mcg,(139% DV),Standard Release
17,Pinto beans,100 grams,525mcg,(131% DV),Standard Release
19,Great Northern beans,100 grams,482mcg,(121% DV),Standard Release
20,"Lentils",100 grams,479mcg,(120% DV),Standard Release
21,"pink beans",100 grams,463mcg,(116% DV),Standard Release
22,"Pigeon peas",100 grams,456mcg,(114% DV),Standard Release
23,"black Beans",100 grams,444mcg,(111% DV),Standard Release
25,Chickpea flour,100 grams,437mcg,(109% DV),Standard Release
26,"Broadbeans (fava beans)",100 grams,423mcg,(106% DV),Standard Release
27,"Chicken giblets",100 grams,414mcg,(104% DV),Standard Release
28,"Lima beans",100 grams,400mcg,(100% DV),Standard Release
29,"french beans",100 grams,399mcg,(100% DV),Standard Release
31,"Chicken capons",100 grams,394mcg,(99% DV),Standard Release
32,"kidney Beans",100 grams,394mcg,(99% DV),Standard Release
36,"yellow Beans",100 grams,389mcg,(97% DV),Standard Release
37,"white Beans",100 grams,388mcg,(97% DV),Standard Release
39,"Chicken broilers",100 grams,379mcg,(95% DV),Standard Release
40,"Soybeans",100 grams,375mcg,(94% DV),Standard Release
41,"Peanut butter",100 grams,373mcg,(93% DV),Standard Release
42,"Chicken stewing",100 grams,367mcg,(92% DV),Standard Release
43,"Leeks",100 grams,366mcg,(92% DV),Standard Release
45,"Lupins",100 grams,355mcg,(89% DV),Standard Release
47,"Veal liver",100 grams,350mcg,(88% DV),Standard Release
48,"Soy flour",100 grams,345mcg,(86% DV),Standard Release
49,"Chicken fryers",100 grams,345mcg,(86% DV),Standard Release
50,"Soy protein concentrate",100 grams,340mcg,(85% DV),Standard Release
52,"Turkey",100 grams,331mcg,(83% DV),Standard Release
57,"Edamame",100 grams,303mcg,(76% DV),Standard Release
60,"Soy meal",100 grams,303mcg,(76% DV),Standard Release
61,"Radishes",100 grams,295mcg,(74% DV),Standard Release
62,"Beef liver",100 grams,290mcg,(73% DV),Standard Release
65,"Wheat germ, crude",100 grams,281mcg,(70% DV),Standard Release
66,"Protein powder",100 grams,280mcg,(70% DV),Standard Release
68,"Spaghetti, protein-fortified",100 grams,278mcg,(70% DV),Standard Release
70,"white rice",100 grams,275mcg,(69% DV),Standard Release
71,"thyme",100 grams,274mcg,(69% DV),Standard Release
72,"yellow Cornmeal",100 grams,264mcg,(66% DV),Standard Release
73,"white Cornmeal",100 grams,264mcg,(66% DV),Standard Release
77,"Peanut flour",100 grams,248mcg,(62% DV),Standard Release
78,"Peanuts",100 grams,246mcg,(62% DV),Standard Release
79,"Noodles, egg, spinach",100 grams,245mcg,(61% DV),Standard Release
80,"cottonseed meal",100 grams,242mcg,(61% DV),Standard Release
83,"sunflower seed kernels",100 grams,238mcg,(60% DV),Standard Release
85,Seeds Sunflower Seed Butter With Salt Added,100 grams,237mcg,(59% DV),Standard Release
86,Pasta,100 grams,237mcg,(59% DV),Standard Release
100,"Lamb liver",100 grams,230mcg,(58% DV),Standard Release
101,"cottonseed flour",100 grams,229mcg,(57% DV),Standard Release
102,"red peppers",100 grams,229mcg,(57% DV),Standard Release
105,"sunflower seed flour",100 grams,222mcg,(56% DV),Standard Release
106,Papad,100 grams,219mcg,(55% DV),Standard Release
107,"Mungo beans",100 grams,216mcg,(54% DV),Standard Release
108,"Epazote",100 grams,215mcg,(54% DV),Standard Release
109,"Pork liver",100 grams,212mcg,(53% DV),Standard Release
112,"Egg yolk",100 grams,209mcg,(52% DV),Standard Release
119,Meat extender,100 grams,198mcg,(50% DV),Standard Release
120,"Wheat flour",100 grams,196mcg,(49% DV),Standard Release
121,"whole Egg",100 grams,193mcg,(48% DV),Standard Release
122,"Asparagus",100 grams,191mcg,(48% DV),Standard Release
123,"Seaweed",100 grams,188mcg,(47% DV),Standard Release
126,"Quinoa",100 grams,184mcg,(46% DV),Standard Release
131,"Semolina",100 grams,183mcg,(46% DV),Standard Release
137,"Pigeonpeas",100 grams,173mcg,(43% DV),Standard Release
150,"Onion powder",100 grams,166mcg,(42% DV),Standard Release
151,Raw Green Soybeans,100 grams,165mcg,(41% DV),Standard Release
153,"Corn flour",100 grams,162mcg,(41% DV),Standard Release
155,"Pepeao",100 grams,160mcg,(40% DV),Standard Release
156,"safflower seed meal",100 grams,159mcg,(40% DV),Standard Release
157,"Mung beans",100 grams,159mcg,(40% DV),Standard Release
163,Okra,100 grams,148mcg,(37% DV),Standard Release
164,Spinach",100 grams,146mcg,(37% DV),Standard Release
168,"Peanut spread",100 grams,144mcg,(36% DV),Standard Release
175,"navy beans",100 grams,140mcg,(35% DV),Standard Release
176,"Mustard greens",100 grams,138mcg,(35% DV),Standard Release
185,"Balsam-pear",100 grams,128mcg,(32% DV),Standard Release
187,"vegan Bacon",100 grams,127mcg,(32% DV),Standard Release
189,"Artichokes",100 grams,126mcg,(32% DV),Standard Release
190,"Taro leaves",100 grams,126mcg,(32% DV),Standard Release
196,"Noodles, chinese, chow mein",100 grams,125mcg,(31% DV),Standard Release
